name,price,km_driven,fuel_type,transmission,location,url
2017 Mercedes-Benz GLA Class 200 d Style,₹16 Lakh,"60,000 kms",Diesel,Automatic,Ambikapur,https://www.cardekho.com/used-car-details/used-Mercedes-benz-gla-class-200-d-style-cars-Ambikapur_a8338772-b80d-48ba-bc9c-ab35328e6f37.htm
2012 Maruti Suzuki Swift Dzire VDI,₹2 Lakh,"1,20,000 kms",Diesel,Manual,"Ajabnagar, Ambikapur",https://www.cardekho.com/used-car-details/used-Maruti-swift-dzire-vdi-cars-Ambikapur_9af61871-d15c-4644-a956-530afee12318.htm
2013 Tata Indica TDI LS,₹1.30 Lakh,"1,00,000 kms",Diesel,Manual,Ambikapur,https://www.cardekho.com/used-car-details/used-Tata-indica-tdi-ls-cars-Ambikapur_e43c5e53-1d46-4666-97e2-4e4b59e4cf76.htm
2016 Maruti Suzuki Swift VXI,₹3.50 Lakh,"1,00,000 kms",Petrol,Manual,"Banaras Road,, Ambikapur",https://www.cardekho.com/used-car-details/used-Maruti-swift-vxi-cars-Ambikapur_ccac713b-626a-4f08-9da3-798ee8388101.htm
2014 Maruti Suzuki Alto K10 2010-2014 VXI,₹2 Lakh,"50,000 kms",Petrol,Manual,Ambikapur,https://www.cardekho.com/used-car-details/used-Maruti-alto-k10-2010-2014-vxi-cars-Ambikapur_8f810b77-3f8c-48a9-9271-a606a0b042e3.htm
2011 Hyundai i20 1.2 Asta,₹1.50 Lakh,"1,18,500 kms",Petrol,Manual,Ambikapur,https://www.cardekho.com/used-car-details/used-Hyundai-i20-12-asta-cars-Ambikapur_d0905ff9-5905-474d-b76a-97012dc8720e.htm
2018 Chevrolet Tavera Base 10 Str BS IV,₹2 Lakh,"2,60,000 kms",Diesel,Manual,Ambikapur,https://www.cardekho.com/used-car-details/used-Chevrolet-tavera-base-10-str-bs-iv-cars-Ambikapur_e1c12e5c-c07e-4ccf-bc7c-8f100d0f5067.htm
2007 Maruti Suzuki Swift Ldi BSII,₹3 Lakh,"2,50,000 kms",Diesel,Manual,Ambikapur,https://www.cardekho.com/used-car-details/used-Maruti-swift-ldi-bsii-cars-Ambikapur_1313c53f-344c-4e3a-842d-5c4c357ed899.htm
2012 Tata Indigo LX,₹1.80 Lakh,"1,90,000 kms",Diesel,Manual,Ambikapur,https://www.cardekho.com/used-car-details/used-Tata-indigo-lx-cars-Ambikapur_63373c63-fecb-421e-bdaf-fdcba926f7a2.htm
2016 Maruti Suzuki Swift VDI Optional,₹4.50 Lakh,"1,22,000 kms",Diesel,Manual,Ambikapur,https://www.cardekho.com/used-car-details/used-Maruti-swift-vdi-optional-cars-Ambikapur_e57e9cce-7ca8-4452-822a-f760517e749f.htm
2009 Maruti Suzuki Alto 800 LXi,"₹70,000","1,82,000 kms",Petrol,Manual,Ambikapur,https://www.cardekho.com/used-car-details/used-Maruti-alto-800-lxi-cars-Ambikapur_dd661dd6-347c-43c4-b1e4-0ac3eacafe6d.htm
2009 Maruti Suzuki Alto 800 LXi,"₹70,000","1,82,000 kms",Petrol,Manual,Ambikapur,https://www.cardekho.com/used-car-details/used-Maruti-alto-800-lxi-cars-Ambikapur_9196d938-40e2-4735-ac1a-ec12a92daa7f.htm
2015 Maruti Suzuki Swift VXI,₹3 Lakh,"2,00,000 kms",Petrol,Manual,Ambikapur,https://www.cardekho.com/used-car-details/used-Maruti-swift-vxi-cars-Ambikapur_67dedad7-1759-4167-97b4-4b4ea110277b.htm
2019 Maruti Suzuki Vitara Brezza ZDi Plus Dual Tone,₹6 Lakh,"1,10,000 kms",Diesel,Manual,Ambikapur,https://www.cardekho.com/used-car-details/used-Maruti-vitara-brezza-zdi-plus-dual-tone-cars-Ambikapur_d9ae81b3-1f93-41d1-ae17-b9a7c8307dbd.htm
2012 Tata Manza Club Class Safire90 VX,₹1.20 Lakh,"70,000 kms",Petrol,Manual,Ambikapur,https://www.cardekho.com/used-car-details/used-Tata-manza-club-class-safire90-vx-cars-Ambikapur_97008d59-4db2-4ac9-ad3b-7aaaf8a7ce26.htm
2023 Tata Tiago EV XZ Plus Tech LUX LR ACFC,₹8 Lakh,"50,000 kms",Electric,Automatic,Ambikapur,https://www.cardekho.com/used-car-details/used-Tata-tiago-ev-xz-plus-tech-lux-lr-acfc-cars-Ambikapur_7edbbb78-9c7e-4e4a-8b5f-b843655c736b.htm
2004 Maruti Suzuki Alto 800 LX,₹1 Lakh,"1,06,000 kms",Petrol,Manual,Renukoot,https://www.cardekho.com/used-car-details/used-Maruti-alto-800-lx-cars-Renukoot_dc763272-7617-414f-91a3-f8badfbe18a9.htm?adId=26627&adType=41
2017 Tata Tiago 1.2 Revotron XZ,₹4.15 Lakh,"80,000 kms",Petrol,Manual,"Beej Pur, Sonbhadra",https://www.cardekho.com/used-car-details/used-Tata-tiago-12-revotron-xz-cars-Sonbhadra_414eb2cb-9d3a-4835-8138-caa2a84d3342.htm
2014 Renault Duster 110PS Diesel RxZ,₹2.60 Lakh,"1,00,000 kms",Diesel,Manual,Manendragarh,https://www.cardekho.com/used-car-details/used-Renault-duster-110ps-diesel-rxz-cars-Manendragarh_ec05c736-4d8c-4de8-b3d3-50afeb860c65.htm
2024 Maruti Suzuki Grand Vitara Delta,₹11.75 Lakh,"40,000 kms",Petrol,Manual,"Khadgaon, Koriya",https://www.cardekho.com/used-car-details/used-Maruti-grand-vitara-delta-cars-Koriya_947d133f-d6ef-4733-ae5c-1d4b96c50615.htm
2015 Mahindra Bolero SLX,₹3.50 Lakh,"1,60,000 kms",Diesel,Manual,"Rajgangpur, Sundergarh",https://www.cardekho.com/used-car-details/used-Mahindra-bolero-slx-cars-Sundergarh_6e301c15-376f-4f06-9150-62ea76b263fd.htm?adId=26898&adType=41
2021 Toyota Yaris G,₹7 Lakh,"40,000 kms",Petrol,Manual,"Jamnipali, Korba",https://www.cardekho.com/used-car-details/used-Toyota-yaris-g-cars-Korba_f09e01c5-92af-4807-a3f1-f79a4eafdcc4.htm
2009 Mahindra Scorpio 2.6 Turbo 7 Str,₹1.80 Lakh,"2,50,000 kms",Diesel,Manual,Sonbhadra,https://www.cardekho.com/used-car-details/used-Mahindra-scorpio-26-turbo-7-str-cars-Sonbhadra_6fcae6f2-5b1b-4fa9-8d25-293253a898d6.htm
2014 Renault Duster 4x4,₹3.40 Lakh,"1,60,000 kms",Diesel,Manual,"Tali Road, Waidhan",https://www.cardekho.com/used-car-details/used-Renault-duster-4x4-cars-Waidhan_42c01389-c77a-4307-8da9-3d0071458dca.htm
2023 Kia Sonet HTX Diesel BSVI,₹9.50 Lakh,"96,000 kms",Diesel,Manual,Korba,https://www.cardekho.com/used-car-details/used-Kia-sonet-htx-diesel-bsvi-cars-Korba_739adf6b-85a4-46a5-afb3-4b4f78436b82.htm?adId=26495&adType=41
2010 Maruti Suzuki Alto 800 LXi BSIII,₹1.30 Lakh,"40,000 kms",Petrol,Manual,"Balinga, Sundergarh",https://www.cardekho.com/used-car-details/used-Maruti-alto-800-lxi-bsiii-cars-Sundergarh_1dc2ca13-c277-4960-99d5-df4ea8a042e9.htm
2018 Maruti Suzuki Swift ZXI,₹5 Lakh,"80,000 kms",Petrol,Manual,"Town, Korba",https://www.cardekho.com/used-car-details/used-Maruti-swift-zxi-cars-Korba_7b61788f-e8ad-42a9-93f0-44f380cc82c4.htm
2015 Maruti Suzuki Alto 800 LXI,₹2.05 Lakh,"70,000 kms",Petrol,Manual,Manendragarh,https://www.cardekho.com/used-car-details/used-Maruti-alto-800-lxi-cars-Manendragarh_d8266833-990f-456b-bd15-c018bea23b6f.htm
2020 Honda City VX MT,₹9.49 Lakh,"40,000 kms",Petrol,Manual,"Bishrampur, Surguja",https://www.cardekho.com/used-car-details/used-Honda-city-vx-mt-cars-Surguja_7b707ee6-04c4-4c75-9969-47bd7d44ec26.htm?adId=25714&adType=41
2019 Hyundai Santro Sportz AMT BSIV,₹5 Lakh,"44,000 kms",Petrol,Automatic,Raigarh,https://www.cardekho.com/used-car-details/used-Hyundai-santro-sportz-amt-bsiv-cars-Raigarh_19789c7d-5f1d-4cab-a89e-1055620a340a.htm
2019 Toyota Glanza G,₹5 Lakh,"45,000 kms",Petrol,Manual,Janjgir-Champa,https://www.cardekho.com/used-car-details/used-Toyota-glanza-g-cars-Janjgir-Champa_71315b75-90ec-4397-b961-bac729c66c06.htm
2017 Toyota Innova Crysta 2.7 VX MT BSIV,₹15 Lakh,"1,30,000 kms",Petrol,Manual,Korba,https://www.cardekho.com/used-car-details/used-Toyota-innova-crysta-27-vx-mt-bsiv-cars-Korba_fbec9d15-a681-48ee-ae0d-1192c30377e0.htm
2017 Hyundai Creta 1.6 VTVT E Plus,₹6.70 Lakh,"42,000 kms",Petrol,Manual,"Meu, Janjgir-Champa",https://www.cardekho.com/used-car-details/used-Hyundai-creta-16-vtvt-e-plus-cars-Janjgir-Champa_1a2b9d01-e91c-4afc-905b-024d23c7d69d.htm?adId=25131&adType=41
2016 Ford Ecosport 1.5 TDCi Titanium BSIV,₹4.10 Lakh,"1,00,000 kms",Diesel,Manual,Korba,https://www.cardekho.com/used-car-details/used-Ford-ecosport-15-tdci-titanium-bsiv-cars-Korba_3b9a0a52-00d7-4231-ae5e-333facd5783c.htm
2014 Honda City i DTEC SV,₹3.20 Lakh,"90,000 kms",Diesel,Manual,"Belhatthi, Renukoot",https://www.cardekho.com/used-car-details/used-Honda-city-i-dtec-sv-cars-Renukoot_1ccfd87c-f482-470e-94ae-e6be4fe2f48d.htm
2024 Maruti Suzuki Alto K10 VXI Plus,₹4.36 Lakh,"45,000 kms",Petrol,Manual,Sundergarh,https://www.cardekho.com/used-car-details/used-Maruti-alto-k10-vxi-plus-cars-Sundergarh_cd8b337f-846d-4ebb-be98-088b9278e64f.htm
2014 Mahindra XUV500 W8 FWD,₹6 Lakh,"1,82,570 kms",Diesel,Manual,Manendragarh,https://www.cardekho.com/used-car-details/used-Mahindra-xuv500-w8-fwd-cars-Manendragarh_41885622-d808-45e1-9035-cfbd3df89481.htm
2025 Kia Sonet GTX Plus Diesel AT,₹13 Lakh,"20,000 kms",Diesel,Automatic,"Chhuri, Korba",https://www.cardekho.com/used-car-details/used-Kia-sonet-gtx-plus-diesel-at-cars-Korba_8d99cc3f-8978-4617-9524-a8792ad5d047.htm
2019 Tata Tigor XZ Plus,₹4.20 Lakh,"87,000 kms",Petrol,Manual,"Sitapur, Surguja",https://www.cardekho.com/used-car-details/used-Tata-tigor-xz-plus-cars-Surguja_0f88d523-48a8-483f-8f8e-283aced6f5c5.htm
2021 Hyundai Creta EX Diesel BSVI,₹8.25 Lakh,"90,000 kms",Diesel,Manual,Korba,https://www.cardekho.com/used-car-details/used-Hyundai-creta-ex-diesel-bsvi-cars-Korba_d01326fe-d57a-4769-a2c6-c1233f9e6e2c.htm
2019 Maruti Suzuki Swift Dzire VXI 1.2,₹5.35 Lakh,"60,000 kms",Petrol,Manual,Korba,https://www.cardekho.com/used-car-details/used-Maruti-swift-dzire-vxi-12-cars-Korba_460c92a0-2a23-4ef8-a5d2-9fab9d8a86ac.htm
2015 Hyundai Xcent 1.2 Kappa S,₹4.25 Lakh,"40,000 kms",Petrol,Manual,Korba,https://www.cardekho.com/used-car-details/used-Hyundai-xcent-12-kappa-s-cars-Korba_f4a7789b-3df4-4fcb-8207-6e4fd5651da9.htm
2021 Hyundai Creta SX Opt IVT BSVI,₹12 Lakh,"1,00,000 kms",Petrol,Automatic,"Gorkha, Raigarh",https://www.cardekho.com/used-car-details/used-Hyundai-creta-sx-opt-ivt-bsvi-cars-Raigarh_b78b9a3c-93b5-487b-988b-284ca13ebba6.htm
2017 Honda WR-V i-VTEC VX,₹4.80 Lakh,"70,000 kms",Petrol,Manual,"Hasdeo Project, Korba",https://www.cardekho.com/used-car-details/used-Honda-wr-v-i-vtec-vx-cars-Korba_178fa5c6-6b64-441e-8a69-f62fbd8c5010.htm
2020 Kia Seltos GTX Plus,₹12.50 Lakh,"55,000 kms",Petrol,Manual,"Town, Korba",https://www.cardekho.com/used-car-details/used-Kia-seltos-gtx-plus-cars-Korba_d7e7846a-aa98-4d63-840a-021d2634adda.htm
2019 Renault KWID 1.0 RXT,₹3.50 Lakh,"40,000 kms",Petrol,Manual,"Bindul, Waidhan",https://www.cardekho.com/used-car-details/used-Renault-kwid-10-rxt-cars-Waidhan_4072932a-4467-498f-b135-4df26385601e.htm
2019 Tata Tigor XZ Plus,₹4.20 Lakh,"87,000 kms",Petrol,Manual,"Sitapur, Surguja",https://www.cardekho.com/used-car-details/used-Tata-tigor-xz-plus-cars-Surguja_0f88d523-48a8-483f-8f8e-283aced6f5c5.htm
2021 Hyundai Creta SX Diesel BSVI,₹15 Lakh,"1,20,000 kms",Diesel,Manual,Raigarh,https://www.cardekho.com/used-car-details/used-Hyundai-creta-sx-diesel-bsvi-cars-Raigarh_9a8d3733-9a3c-490e-8cd7-500271d0025a.htm
2019 Renault Duster 85PS Diesel RxZ,₹4.50 Lakh,"80,000 kms",Diesel,Manual,"Deepka, Korba",https://www.cardekho.com/used-car-details/used-Renault-duster-85ps-diesel-rxz-cars-Korba_0d4457f5-cc11-4df9-a6a3-d19e9fe21720.htm
2025 Maruti Suzuki Grand Vitara Sigma,₹12 Lakh,"29,000 kms",Petrol,Manual,Korba,https://www.cardekho.com/used-car-details/used-Maruti-grand-vitara-sigma-cars-Korba_b35750eb-7b6d-4fc6-bfcb-34cf090b93d4.htm
2021 Maruti Suzuki Vitara Brezza ZXI,₹7 Lakh,"36,000 kms",Petrol,Manual,Waidhan,https://www.cardekho.com/used-car-details/used-Maruti-vitara-brezza-zxi-cars-Waidhan_73f2be75-4fb6-42c0-9fd6-70eec0127cab.htm
2016 Hyundai Grand i10 Magna,₹3.74 Lakh,"50,000 kms",Petrol,Manual,Waidhan,https://www.cardekho.com/used-car-details/used-Hyundai-grand-i10-magna-cars-Waidhan_98934f0f-bf5f-4da1-be0b-9caf561df6a7.htm
2013 Toyota Innova 2.5 E Diesel MS 8-seater,₹5.50 Lakh,"2,00,000 kms",Diesel,Manual,Korba,https://www.cardekho.com/used-car-details/used-Toyota-innova-25-e-diesel-ms-8-seater-cars-Korba_06290507-c016-499d-993c-1dc510b89fd3.htm
2017 Toyota Innova Crysta 2.7 VX MT BSIV,₹15 Lakh,"1,30,000 kms",Petrol,Manual,Korba,https://www.cardekho.com/used-car-details/used-Toyota-innova-crysta-27-vx-mt-bsiv-cars-Korba_fbec9d15-a681-48ee-ae0d-1192c30377e0.htm
2016 Ford Ecosport 1.5 TDCi Titanium BSIV,₹4.10 Lakh,"1,00,000 kms",Diesel,Manual,Korba,https://www.cardekho.com/used-car-details/used-Ford-ecosport-15-tdci-titanium-bsiv-cars-Korba_3b9a0a52-00d7-4231-ae5e-333facd5783c.htm
2014 Honda City i DTEC SV,₹3.20 Lakh,"90,000 kms",Diesel,Manual,"Belhatthi, Renukoot",https://www.cardekho.com/used-car-details/used-Honda-city-i-dtec-sv-cars-Renukoot_1ccfd87c-f482-470e-94ae-e6be4fe2f48d.htm
2017 Maruti Suzuki Vitara Brezza VDi Option,₹4.60 Lakh,"80,000 kms",Diesel,Manual,Korba,https://www.cardekho.com/used-car-details/used-Maruti-vitara-brezza-vdi-option-cars-Korba_08e801ed-cc94-454a-b99e-e4ac6a462780.htm
2018 Hyundai Creta 1.6 E Plus,₹5.50 Lakh,"1,15,000 kms",Petrol,Manual,"Rampur, Korba",https://www.cardekho.com/used-car-details/used-Hyundai-creta-16-e-plus-cars-Korba_9acdad91-5593-4ba2-9c50-5e9c2495d4aa.htm
2016 Hyundai Verna 1.4 CRDi,₹5.50 Lakh,"73,000 kms",Diesel,Manual,"Tali Road, Waidhan",https://www.cardekho.com/used-car-details/used-Hyundai-verna-14-crdi-cars-Waidhan_d00af85c-d350-4098-a788-0dec184ec98c.htm
2019 Maruti Suzuki Swift VXI BSIV,₹4 Lakh,"1,33,426 kms",Petrol,Manual,Korba,https://www.cardekho.com/used-car-details/used-Maruti-swift-vxi-bsiv-cars-Korba_5d29d0c1-5998-470e-844d-9bf1a4ba770d.htm
2024 Mahindra XUV700 AX5 5Str Diesel,₹20.50 Lakh,"30,000 kms",Diesel,Manual,Korba,https://www.cardekho.com/used-car-details/used-Mahindra-xuv700-ax5-5str-diesel-cars-Korba_2b7c67cf-afc4-486c-a808-e51dfc1ed680.htm
2016 Maruti Suzuki Ciaz ZDi Plus SHVS,₹4.30 Lakh,"1,20,000 kms",Diesel,Manual,"Balco Nagar, Korba",https://www.cardekho.com/used-car-details/used-Maruti-ciaz-zdi-plus-shvs-cars-Korba_635f7907-17bd-4d14-baea-9ad6a2e39dff.htm
2026 Mahindra Bolero B6,₹1 Lakh,"4,000 kms",Diesel,Manual,Sonbhadra,https://www.cardekho.com/used-car-details/used-Mahindra-bolero-b6-cars-Sonbhadra_a79b1fe6-2305-41f1-ad8b-49db823591cf.htm
2013 Mahindra Bolero SLX,₹3.80 Lakh,"1,00,000 kms",Diesel,Manual,Sonbhadra,https://www.cardekho.com/used-car-details/used-Mahindra-bolero-slx-cars-Sonbhadra_08a14c3e-8af7-40cd-98ce-7aa808242c80.htm
2013 Mahindra Bolero SLX,₹3.86 Lakh,"1,00,000 kms",Diesel,Manual,Sonbhadra,https://www.cardekho.com/used-car-details/used-Mahindra-bolero-slx-cars-Sonbhadra_85a109cd-04c8-4d61-889c-78a69de7c81a.htm
2015 Hyundai Creta 1.6 VTVT SX Plus,₹5.50 Lakh,"35,000 kms",Petrol,Manual,Raigarh,https://www.cardekho.com/used-car-details/used-Hyundai-creta-16-vtvt-sx-plus-cars-Raigarh_979ab5ed-3680-4882-bb51-41b277c7be43.htm
2012 Maruti Suzuki Alto 800 LXI,"₹75,000","1,32,000 kms",Petrol,Manual,Korba,https://www.cardekho.com/used-car-details/used-Maruti-alto-800-lxi-cars-Korba_551abd3e-3f17-418a-a81b-561bf7a8538d.htm
2017 Renault Duster 85PS Diesel RxE,₹4.50 Lakh,"1,50,000 kms",Diesel,Manual,Raigarh,https://www.cardekho.com/used-car-details/used-Renault-duster-85ps-diesel-rxe-cars-Raigarh_08117088-1b74-49c8-aba0-48404d924264.htm
2021 Tata Safari XZ BSVI,₹15 Lakh,"83,000 kms",Diesel,Manual,Manendragarh,https://www.cardekho.com/used-car-details/used-Tata-safari-xz-bsvi-cars-Manendragarh_ce42c51f-0d04-4cfc-9a18-1cd6147b6fc9.htm
2019 Renault KWID RXL,₹2 Lakh,"80,000 kms",Petrol,Manual,Korba,https://www.cardekho.com/used-car-details/used-Renault-kwid-rxl-cars-Korba_c0e36aa0-9e82-4f74-b488-6651a4fab105.htm
2015 Toyota Innova 2.5 G (Diesel) 8 Seater,₹7.50 Lakh,"70,000 kms",Diesel,Manual,"Barpali, Korba",https://www.cardekho.com/used-car-details/used-Toyota-innova-25-g-diesel-8-seater-cars-Korba_0bc1d15c-3309-4b2a-b188-c3b8428ef8f5.htm
2020 Maruti Suzuki S-Presso VXI 2019-2022,₹4.20 Lakh,"15,000 kms",Petrol,Manual,Singrauli,https://www.cardekho.com/used-car-details/used-Maruti-s-presso-vxi-2019-2022-cars-Singrauli_1fbd48fb-be0c-4f6f-9e43-4eb8bc18840f.htm
2020 Maruti Suzuki S-Presso VXI Opt 2019-2022,₹4.30 Lakh,"14,000 kms",Petrol,Manual,Singrauli,https://www.cardekho.com/used-car-details/used-Maruti-s-presso-vxi-opt-2019-2022-cars-Singrauli_3c76143b-c0d6-4877-bb7f-46fe35999371.htm
2008 Maruti Suzuki Alto 800 LXi,₹1.10 Lakh,"53,000 kms",Petrol,Manual,Janjgir-Champa,https://www.cardekho.com/used-car-details/used-Maruti-alto-800-lxi-cars-Janjgir-Champa_08538830-3669-4b28-b73b-31aecceb73b1.htm
2021 Hyundai Creta EX Diesel BSVI,₹8.25 Lakh,"90,000 kms",Diesel,Manual,Korba,https://www.cardekho.com/used-car-details/used-Hyundai-creta-ex-diesel-bsvi-cars-Korba_d01326fe-d57a-4769-a2c6-c1233f9e6e2c.htm
2014 Mahindra Bolero SLX 2WD BSIII,₹4.50 Lakh,"40,000 kms",Diesel,Manual,Renukoot,https://www.cardekho.com/used-car-details/used-Mahindra-bolero-slx-2wd-bsiii-cars-Renukoot_3dca6fe3-193c-46e8-b062-ce0edf257416.htm
2021 Maruti Suzuki Vitara Brezza ZXI Plus,₹6.50 Lakh,"23,000 kms",Petrol,Manual,Janjgir-Champa,https://www.cardekho.com/used-car-details/used-Maruti-vitara-brezza-zxi-plus-cars-Janjgir-Champa_07cdc19d-af6a-46b3-bbbc-d6c6156a75b1.htm
2010 Chevrolet Spark 1.0,"₹80,000","67,000 kms",Petrol,Manual,Waidhan,https://www.cardekho.com/used-car-details/used-Chevrolet-spark-10-cars-Waidhan_f5961b26-67b5-4dc6-a05d-f8d460a096c3.htm
2015 Maruti Suzuki Swift Dzire VXI,₹3.50 Lakh,"85,000 kms",Petrol,Manual,Raigarh,https://www.cardekho.com/used-car-details/used-Maruti-swift-dzire-vxi-cars-Raigarh_f706613d-4ec8-4d10-8b7a-4d0e9ebb2780.htm
2018 Maruti Suzuki Swift AMT VXI,₹4.50 Lakh,"58,000 kms",Petrol,Automatic,Janjgir-Champa,https://www.cardekho.com/used-car-details/used-Maruti-swift-amt-vxi-cars-Janjgir-Champa_dccb4677-166c-4e0d-9d3e-118f73dfd45c.htm
2018 Mercedes-Benz GLS 350d 4MATIC,₹55 Lakh,"70,000 kms",Diesel,Automatic,"Sundargarh, Sundergarh",https://www.cardekho.com/used-car-details/used-Mercedes-benz-gls-350d-4matic-cars-Sundergarh_55bbd984-0fcc-4465-958f-83ce7075d41f.htm
2016 Hyundai EON Magna Plus,₹2.60 Lakh,"90,000 kms",Petrol,Manual,Kotma,https://www.cardekho.com/used-car-details/used-Hyundai-eon-magna-plus-cars-Kotma_497ea0da-2789-462b-b5ab-285c7ece7e3c.htm
2019 Maruti Suzuki Celerio X ZXI Option BSIV,₹4 Lakh,"51,000 kms",Petrol,Manual,Raigarh,https://www.cardekho.com/used-car-details/used-Maruti-celerio-x-zxi-option-bsiv-cars-Raigarh_6f44d7b5-3b4e-46fc-976c-435d489701c8.htm
2022 Maruti Suzuki Swift VXI BSVI,₹6.10 Lakh,"26,000 kms",Petrol,Manual,Raigarh,https://www.cardekho.com/used-car-details/used-Maruti-swift-vxi-bsvi-cars-Raigarh_3a698c3e-eeab-490d-8044-9febf755f164.htm
2018 Maruti Suzuki Ignis 1.2 Delta BSIV,₹3.25 Lakh,"78,000 kms",Petrol,Manual,"Banari, Janjgir-Champa",https://www.cardekho.com/used-car-details/used-Maruti-ignis-12-delta-bsiv-cars-Janjgir-Champa_a6d08dc0-f28f-4d76-8031-3032c9ba7467.htm
2018 Maruti Suzuki Baleno 1.2 Delta,₹3.95 Lakh,"1,30,000 kms",Petrol,Manual,Raigarh,https://www.cardekho.com/used-car-details/used-Maruti-baleno-12-delta-cars-Raigarh_5d7ca1b8-dc4f-42de-b465-ac858513d97d.htm
2018 Hyundai Grand i10 1.2 Kappa Sportz BSIV,₹3.60 Lakh,"43,000 kms",Petrol,Manual,Janjgir-Champa,https://www.cardekho.com/used-car-details/used-Hyundai-grand-i10-12-kappa-sportz-bsiv-cars-Janjgir-Champa_e22f7714-262a-4927-aacb-e94108c3df73.htm
2021 Mahindra Scorpio S5,₹9.50 Lakh,"1,50,000 kms",Diesel,Manual,"Bansi, Raigarh",https://www.cardekho.com/used-car-details/used-Mahindra-scorpio-s5-cars-Raigarh_b879ddfe-59e7-4d78-bde3-3338592c7f7b.htm
2022 MG Astor Sharp BSVI,₹10 Lakh,"40,000 kms",Petrol,Manual,"Janjgir, Janjgir-Champa",https://www.cardekho.com/used-car-details/used-Mg-astor-sharp-bsvi-cars-Janjgir-Champa_c1c6358e-baac-43ab-9a08-73bd8aa078e2.htm
2023 Mahindra XUV300 W4 BSVI,₹7 Lakh,"22,000 kms",Petrol,Manual,Waidhan,https://www.cardekho.com/used-car-details/used-Mahindra-xuv300-w4-bsvi-cars-Waidhan_a6ecb47b-dddd-46a6-99cf-5a75cb45352f.htm
2013 Maruti Suzuki Wagon R VXI BS IV,₹1.80 Lakh,"81,000 kms",Petrol,Manual,Korba,https://www.cardekho.com/used-car-details/used-Maruti-wagon-r-vxi-bs-iv-cars-Korba_6cf948cc-00cb-42bc-9f80-0d7d0444afa6.htm
2014 Maruti Suzuki Swift Dzire ZDI,₹2 Lakh,"1,30,000 kms",Diesel,Manual,Sundergarh,https://www.cardekho.com/used-car-details/used-Maruti-swift-dzire-zdi-cars-Sundergarh_8c0082b7-999c-4270-8727-b481c80b5a10.htm
2013 Hyundai i10 Magna 1.2 iTech SE,₹2 Lakh,"84,000 kms",Petrol,Manual,Korba,https://www.cardekho.com/used-car-details/used-Hyundai-i10-magna-12-itech-se-cars-Korba_7005c2d7-cc31-41ae-9a69-c1bcfe9ca18e.htm
2019 Kia Seltos GTX Plus DCT,₹9.50 Lakh,"71,000 kms",Petrol,Automatic,Raigarh,https://www.cardekho.com/used-car-details/used-Kia-seltos-gtx-plus-dct-cars-Raigarh_a53abb0e-ff91-4f7c-b08c-8b1f324235d6.htm
2013 Mahindra XUV500 W4,₹5.50 Lakh,"1,68,000 kms",Diesel,Manual,Sonbhadra,https://www.cardekho.com/used-car-details/used-Mahindra-xuv500-w4-cars-Sonbhadra_0b910e39-a723-4a51-a511-5b46d5c63d42.htm
2013 Mahindra XUV500 W4,₹5.50 Lakh,"1,68,000 kms",Diesel,Manual,Sonbhadra,https://www.cardekho.com/used-car-details/used-Mahindra-xuv500-w4-cars-Sonbhadra_122a26b7-638a-452f-8841-4ec12348256d.htm
2017 Mahindra Scorpio S10 AT 2WD,₹8.50 Lakh,"1,00,000 kms",Diesel,Automatic,"Pali, Korba",https://www.cardekho.com/used-car-details/used-Mahindra-scorpio-s10-at-2wd-cars-Korba_c7e5e8b3-540f-41f6-b358-cc51f1a70dab.htm
2014 Hyundai i20 Sportz 1.2,₹2.40 Lakh,"52,000 kms",Petrol,Manual,"Daltonganj, Medininagar",https://www.cardekho.com/used-car-details/used-Hyundai-i20-sportz-12-cars-Medininagar_8e19a10f-f7fc-4384-bf38-c5d48da08567.htm
2024 Mahindra XUV700 AX7 7Str Diesel,₹21 Lakh,"40,000 kms",Diesel,Manual,"Rourkela - 14, Sundergarh",https://www.cardekho.com/used-car-details/used-Mahindra-xuv700-ax7-7str-diesel-cars-Sundergarh_10dc612b-4882-41d3-8757-72853042f5e7.htm
2011 Maruti Suzuki Swift VDI,₹2.30 Lakh,"1,20,000 kms",Diesel,Manual,Korba,https://www.cardekho.com/used-car-details/used-Maruti-swift-vdi-cars-Korba_d6a4a6d2-1275-432f-a1da-28243b5f359c.htm
2010 Maruti Suzuki Alto K10 2010-2014 VXI,"₹99,999","47,000 kms",Petrol,Manual,Raigarh,https://www.cardekho.com/used-car-details/used-Maruti-alto-k10-2010-2014-vxi-cars-Raigarh_3b6946a9-4b7f-4eed-bb44-17b6288ab84b.htm
2010 Maruti Suzuki Alto K10 2010-2014 VXI,"₹99,999","47,000 kms",Petrol,Manual,Raigarh,https://www.cardekho.com/used-car-details/used-Maruti-alto-k10-2010-2014-vxi-cars-Raigarh_28d8afd3-ffe1-4583-bd80-3bdb9a409602.htm
2024 Maruti Suzuki FRONX Sigma,₹7.10 Lakh,"15,000 kms",Petrol,Manual,"Colliery, Singrauli",https://www.cardekho.com/used-car-details/used-Maruti-fronx-sigma-cars-Singrauli_d3bf42e7-88c3-4181-950f-a755d170ac3c.htm
2024 Maruti Suzuki Brezza Vxi,₹9 Lakh,"20,000 kms",Petrol,Manual,"Basanti Colony, Sundergarh",https://www.cardekho.com/used-car-details/used-Maruti-brezza-vxi-cars-Sundergarh_ba5053d5-46ec-400b-bebc-2182594cec9d.htm
2018 Mahindra Bolero Power Plus SLX,₹5 Lakh,"95,000 kms",Diesel,Manual,Garhwa,https://www.cardekho.com/used-car-details/used-Mahindra-bolero-power-plus-slx-cars-Garhwa_cb0d6a66-b396-418d-9ec5-cfa42f6f1c3f.htm
2022 Maruti Suzuki Ertiga ZXI Plus,₹9.50 Lakh,"40,000 kms",Petrol,Manual,Raigarh,https://www.cardekho.com/used-car-details/used-Maruti-ertiga-zxi-plus-cars-Raigarh_9753ceb9-28eb-4dcf-9cce-65b57c530cdf.htm
2016 Mahindra Bolero DI - AC BS III,₹4 Lakh,"1,00,000 kms",Diesel,Manual,Sonbhadra,https://www.cardekho.com/used-car-details/used-Mahindra-bolero-di-ac-bs-iii-cars-Sonbhadra_c9f809d0-94d6-4bc3-b837-2f13aadc7be1.htm
2016 Mahindra Bolero DI - AC BS III,₹4.50 Lakh,"1,00,000 kms",Diesel,Manual,"Wyndhamganj, Sonbhadra",https://www.cardekho.com/used-car-details/used-Mahindra-bolero-di-ac-bs-iii-cars-Sonbhadra_4227053d-5fc5-4c82-89d1-e5cd1395da93.htm
2006 Maruti Suzuki Alto 800 STD,"₹90,000","80,000 kms",Petrol,Manual,Raigarh,https://www.cardekho.com/used-car-details/used-Maruti-alto-800-std-cars-Raigarh_2e9c0f84-0d6e-4b7e-a657-70352a1c5b8e.htm
2014 Maruti Suzuki Swift Dzire VXI,₹3 Lakh,"1,20,000 kms",Petrol,Manual,"Chakradharnagar, Raigarh",https://www.cardekho.com/used-car-details/used-Maruti-swift-dzire-vxi-cars-Raigarh_6b5d0c7c-7145-4df6-8b64-ab7fe8232a04.htm
2023 Maruti Suzuki Baleno Delta,₹6.50 Lakh,"20,000 kms",Petrol,Manual,"Janjgir, Janjgir-Champa",https://www.cardekho.com/used-car-details/used-Maruti-baleno-delta-cars-Janjgir-Champa_8abe9b61-32e5-4b06-be46-c2ac0e5c3c0f.htm
2020 Hyundai Grand i10 Nios Sportz,₹4.70 Lakh,"1,24,000 kms",Petrol,Manual,Ramanujganj,https://www.cardekho.com/used-car-details/used-Hyundai-grand-i10-nios-sportz-cars-Ramanujganj_86d86d9f-4e34-466f-a8dc-140cbdab1076.htm
2012 Tata Indigo GLX,₹1 Lakh,"70,000 kms",Petrol,Manual,"Town, Korba",https://www.cardekho.com/used-car-details/used-Tata-indigo-glx-cars-Korba_58b4f358-e447-472a-8852-51db3cb3bc69.htm
2011 Mahindra Scorpio EX 2WD 7S,₹5 Lakh,"1,00,000 kms",Diesel,Manual,Raigarh,https://www.cardekho.com/used-car-details/used-Mahindra-scorpio-ex-2wd-7s-cars-Raigarh_78f6dc6c-b870-4d46-b81f-99e710338248.htm
2016 Hyundai EON Sportz,₹2.01 Lakh,"60,000 kms",Petrol,Manual,"Daltonganj, Medininagar",https://www.cardekho.com/used-car-details/used-Hyundai-eon-sportz-cars-Medininagar_85b92252-362d-4589-8c00-fb06e6a4c73e.htm
2013 Maruti Suzuki Swift VDI,₹2.55 Lakh,"1,60,000 kms",Diesel,Manual,Korba,https://www.cardekho.com/used-car-details/used-Maruti-swift-vdi-cars-Korba_0d6a6788-15aa-4090-ac64-cae16a62ee3a.htm
2019 Maruti Suzuki Vitara Brezza ZDi,₹5.80 Lakh,"1,75,000 kms",Diesel,Manual,Singrauli,https://www.cardekho.com/used-car-details/used-Maruti-vitara-brezza-zdi-cars-Singrauli_6faac05f-66be-4af8-b898-dc158ca44ac5.htm
2014 Maruti Suzuki Swift Dzire VDI,₹3.50 Lakh,"1,00,000 kms",Diesel,Manual,Raigarh,https://www.cardekho.com/used-car-details/used-Maruti-swift-dzire-vdi-cars-Raigarh_e13824b4-57e4-4fa3-9f81-174a97751e2a.htm
2025 Maruti Suzuki Swift VXi,₹5.50 Lakh,"60,000 kms",Petrol,Manual,"Godhna, Janjgir-Champa",https://www.cardekho.com/used-car-details/used-Maruti-swift-vxi-cars-Janjgir-Champa_06888cea-9852-42ca-9a4b-cab3be6c66aa.htm
2013 Honda Brio EX MT,₹2.50 Lakh,"76,000 kms",Petrol,Manual,Korba,https://www.cardekho.com/used-car-details/used-Honda-brio-ex-mt-cars-Korba_eee77ba0-5ffe-43dd-a7d1-a476058b89b7.htm
